{
  "project_info": {
    "project_number": "491277779299",
    "project_id": "teachertrack-main-e3824",
    "storage_bucket": "teachertrack-main-e3824.firebasestorage.app"
  },
  "client": [
    {
      "client_info": {
        "mobilesdk_app_id": "1:491277779299:android:6de5817d685d106eef1356",
        "android_client_info": {
          "package_name": "com.codewithkeshav.teachertrack"
        }
      },
      "oauth_client": [],
      "api_key": [
        {
          "current_key": "AIzaSyBw8VRBvzzHqBWSlYT5UoUw1t3OQy_K6bQ"
        }
      ],
      "services": {
        "appinvite_service": {
          "other_platform_oauth_client": []
        }
      }
    }
  ],
  "configuration_version": "1"
}